{
  "model": "fno",
  "best_value": 0.6068493150684932,
  "best_params": {
    "hidden": 64,
    "modes": 15,
    "n_layers": 4,
    "dropout": 0.11196550779988226,
    "lr": 0.0004636566328635449,
    "weight_decay": 0.004808025168262191,
    "dir_weight": 0.5593637889831117,
    "batch_size": 64
  },
  "n_trials": 20
}