{
  "model": "fno_v2",
  "params": 9292524,
  "config": {
    "hidden": 48,
    "modes": 20,
    "dropout": 0.05,
    "n_layers": 5,
    "padding": 9,
    "time_emb": 64,
    "lr": 0.0001756662347361089,
    "wd": 0.002174446913795173,
    "dw": 0.5062233987911043,
    "bs": 64
  },
  "wp_val": {
    "dir_acc": 0.5972602739726027,
    "dir_f1": 0.37357450266173253,
    "int_acc": 0.5904109589041096,
    "int_f1": 0.40722315326019753
  },
  "sp_zeroshot": {
    "dir_acc": 0.3678474114441417,
    "dir_f1": 0.2214934879312932,
    "int_acc": 0.48501362397820164,
    "int_f1": 0.3327955242859552
  },
  "sp_finetuned": {
    "dir_acc": 0.32697547683923706,
    "dir_f1": 0.24076467803271145,
    "int_acc": 0.5422343324250681,
    "int_f1": 0.39858871509329175
  },
  "epochs_trained": 135
}