{
  "model": "SCANet",
  "params": 3704726,
  "wp_val": {
    "dir_acc": 0.5644859813084112,
    "dir_f1": 0.34726606906089846,
    "int_acc": 0.6616822429906543,
    "int_f1": 0.42697703318759495
  },
  "sp_zeroshot": {
    "dir_acc": 0.4332425068119891,
    "dir_f1": 0.27089561046087257,
    "int_acc": 0.3678474114441417,
    "int_f1": 0.21845935306209516
  },
  "sp_finetuned": {
    "dir_acc": 0.3814713896457766,
    "dir_f1": 0.3025626015929724,
    "int_acc": 0.4305177111716621,
    "int_f1": 0.3522642520144542
  },
  "ft_strategy": "full",
  "gate_weights": [
    [
      0.5535708069801331,
      0.44642919301986694
    ],
    [
      0.5644792914390564,
      0.4355207085609436
    ],
    [
      0.5315917134284973,
      0.4684083163738251
    ]
  ]
}