{
  "model": "ufno",
  "params": 2536770,
  "config": {
    "hidden": 48,
    "modes": 16,
    "padding": 13,
    "dropout": 0.1136916764649249,
    "n_layers": 2,
    "time_emb": 64,
    "lr": 0.0002794615145845253,
    "wd": 0.0008720741844939034,
    "dw": 0.5561882509132673,
    "bs": 64
  },
  "wp_val": {
    "dir_acc": 0.6095890410958904,
    "dir_f1": 0.4627435690197307,
    "int_acc": 0.584931506849315,
    "int_f1": 0.4628842716632276
  },
  "sp_zeroshot": {
    "dir_acc": 0.3787465940054496,
    "dir_f1": 0.29503018136377107,
    "int_acc": 0.5231607629427792,
    "int_f1": 0.4094611666568823
  },
  "sp_finetuned": {
    "dir_acc": 0.31607629427792916,
    "dir_f1": 0.3060711969193506,
    "int_acc": 0.4904632152588556,
    "int_f1": 0.4216921705486571
  },
  "epochs_trained": 100
}