{
  "model": "unet",
  "params": 39070052,
  "config": {
    "dropout": 0.1176985004103839,
    "base_ch": 32,
    "drop_path": 0.06506606615265287,
    "n_levels": 5,
    "head_dim": 256,
    "lr": 0.00024472440973990144,
    "wd": 0.0009339401285535342,
    "dw": 0.5743106263727894,
    "bs": 32
  },
  "wp_val": {
    "dir_acc": 0.6328767123287671,
    "dir_f1": 0.46358750983438524,
    "int_acc": 0.5808219178082191,
    "int_f1": 0.4708768787792323
  },
  "sp_zeroshot": {
    "dir_acc": 0.3106267029972752,
    "dir_f1": 0.22165178691233162,
    "int_acc": 0.4114441416893733,
    "int_f1": 0.3396532676377969
  },
  "sp_finetuned": {
    "dir_acc": 0.34877384196185285,
    "dir_f1": 0.25208514629677636,
    "int_acc": 0.46866485013623976,
    "int_f1": 0.38653429711435056
  },
  "epochs_trained": 134
}