{
  "model": "fno",
  "params": 7424588,
  "config": {
    "n_layers": 4,
    "dropout": 0.11196550779988226,
    "hidden": 64,
    "modes": 15,
    "padding": 0,
    "lr": 0.0004636566328635449,
    "wd": 0.004808025168262191,
    "dw": 0.5593637889831117,
    "bs": 64
  },
  "wp_val": {
    "dir_acc": 0.5794520547945206,
    "dir_f1": 0.40123832079388744,
    "int_acc": 0.6410958904109589,
    "int_f1": 0.47064460075235537
  },
  "sp_zeroshot": {
    "dir_acc": 0.329700272479564,
    "dir_f1": 0.244780234230622,
    "int_acc": 0.48501362397820164,
    "int_f1": 0.337998329252961
  },
  "sp_finetuned": {
    "dir_acc": 0.3542234332425068,
    "dir_f1": 0.272695104566596,
    "int_acc": 0.5204359673024523,
    "int_f1": 0.4209355223887475
  },
  "epochs_trained": 114
}