{
  "model": "unet_film",
  "params": 5930928,
  "config": {
    "base_ch": 48,
    "drop_path": 0.1,
    "head_dim": 512,
    "dropout": 0.20688136364427034,
    "n_levels": 3,
    "time_emb": 64,
    "lr": 0.00025909503546786805,
    "wd": 0.003422722843550638,
    "dw": 0.5413889934315769,
    "bs": 32
  },
  "wp_val": {
    "dir_acc": 0.5917808219178082,
    "dir_f1": 0.42563426365282797,
    "int_acc": 0.6027397260273972,
    "int_f1": 0.49162204538486765
  },
  "sp_zeroshot": {
    "dir_acc": 0.335149863760218,
    "dir_f1": 0.27031259526168205,
    "int_acc": 0.49318801089918257,
    "int_f1": 0.39609902936942215
  },
  "sp_finetuned": {
    "dir_acc": 0.4087193460490463,
    "dir_f1": 0.28073629840987635,
    "int_acc": 0.4659400544959128,
    "int_f1": 0.3952615983816407
  },
  "epochs_trained": 120
}